"Foods","Coluna1","Outcome","Effects","Coluna2","Coluna3","Coluna4"
"Jango Onion","Rare Onion","Jumbo Pizza","","Stamina?+25","",""
"Jango Onion","Fatty Tomato","Gingi Ramen","","Stamina?+50","",""
"Jango Onion","Silver Grass","Otsu Cake Balls","Health?+50","Stamina?+25","",""
"Jango Onion","Azuki","Guts’n’Chaofan","Health?+50","Stamina?+25","",""
"Jango Onion","Pickled Kezhu","Peppered Pasta","","Stamina?+25","Atk Up?-3",""
"Jango Onion","Snake Meat","Fried Seafood","","","Atk Up?+3",""
"Jango Onion","Dragon Tail","Coro Croquettes","","","Atk Up?+5",""
"Jango Onion","Scale Fish","Shaky Tongue","","Stamina?+25","","Def Up?+10"
"Jango Onion","Snake Salmon","Overjoyed Pan","","Stamina?+25","","Def Up?-20"
"Jango Onion","Helodus","Overjoyed Pan","","Stamina?+25","","Def Up?+20"
"Jango Onion","RiceBug","Dokkan Soup","Health?+10","","",""
"Jango Onion","GodBug","Surprise Stew","","Stamina?+25","",""
"Jango Onion","Spice Worm","Jumbo Pizza","Health?+10","Stamina?+50","",""
"Jango Onion","Honey-Dragonfly","Gingi Ramen","Health?+10","Stamina?+25","",""
"Jango Onion","Red Oil","An An Zosui","","Stamina?+25","",""
"Jango Onion","Lifejam","Dozuki Risotto","","Stamina?+25","",""
"Jango Onion","Dry Margarine","Otsu Cake Balls","","Stamina?+25","","Def Up?-10"
"Jango Onion","Buffalo Butter","Guts’n’Chaofan","","Stamina?+25","","Def Up?+10"
"Jango Onion","Royale Cheese","Run Run Salad","","","","Def Up?+10"
"Jango Onion","Blessed Wine","Peppered Pasta","","Stamina?+25","Atk Up?-3",""
"Sliced Cactus","Rare Onion","Gingi Ramen","","Stamina?+25","",""
"Sliced Cactus","Fatty Tomato","Smaley Curry","","Stamina?+50","",""
"Sliced Cactus","Warwheat","Surprise Stew","","Stamina?+25","",""
"Sliced Cactus","Mixed Beans","Dozuki Risotto","","Stamina?+25","",""
"Sliced Cactus","Bread","Otsu Cake Balls","Health?+10","Stamina?+25","",""
"Sliced Cactus","Silver Grass","Guts’n’Chaofan","Health?+50","Stamina?+25","",""
"Sliced Cactus","Azuki","Run Run Salad","Health?+50","Stamina?+25","",""
"Sliced Cactus","Popo Meat","Peppered Pasta","","Stamina?+25","Atk Up?+3",""
"Sliced Cactus","Pickled Kezhu","Fried Seafood","","Stamina?+25","Atk Up?-3",""
"Sliced Cactus","Snake Meat","Coro Croquettes","","Stamina?+25","Atk Up?+3",""
"Sliced Cactus","Dragon Tail","Shaky Tongue","","Stamina?+25","Atk Up?+5",""
"Sliced Cactus","Scale Fish","Overjoyed Pan","","Stamina?+25","","Def Up?+10"
"Sliced Cactus","Sushi Fish","Shaky Tongue","","Stamina?+25","",""
"Sliced Cactus","Snake Salmon","Dokkan Soup","","Stamina?-25","","Def Up?+20"
"Sliced Cactus","Sword Fish","Coro Croquettes","","Stamina?+25","","Def Up?-10"
"Sliced Cactus","RiceBug","Jumbo Pizza","Health?-10","Stamina?+25","",""
"Sliced Cactus","GodBug","Dozuki Risotto","","Stamina?+25","",""
"Sliced Cactus","Spice Worm","Gingi Ramen","","Stamina?+25","",""
"Sliced Cactus","Honey-Dragonfly","Smaley Curry","Health?+20","Stamina?+50","",""
"Sliced Cactus","Red Oil","Surprise Stew","","Stamina?+25","",""
"Sliced Cactus","Lifejam","Otsu Cake Balls","","Stamina?+50","",""
"Sliced Cactus","Dry Margarine","Guts’n’Chaofan","","Stamina?+25","","Def Up?-10"
"Sliced Cactus","Buffalo Butter","Run Run Salad","","Stamina?+25","",""
"Sliced Cactus","Sake","Peppered Pasta","","Stamina?+25","Atk Up?+3",""
"Sliced Cactus","Blessed Wine","Fried Seafood","","Stamina?+25","",""
"Sliced Cactus","Gold Sake","Coro Croquettes","","Stamina?+25","",""
"Sliced Cactus","Monster Egg","Shaky Tongue","","Stamina?+25","Atk Up?+3","Def Up?+10"
"Sliced Cactus","Pig Cracker","Overjoyed Pan","","Stamina?+25","Atk Up?-3",""
"Rare Onion","Fatty Tomato","An An Zosui","","Stamina?+25","",""
"Rare Onion","Bread","Guts’n’Chaofan","Health?+10","","",""
"Rare Onion","Silver Grass","Run Run Salad","Health?+30","","",""
"Rare Onion","Popo Meat","Fried Seafood","","","Atk Up?+3",""
"Rare Onion","Snake Meat","Shaky Tongue","","","Atk Up?+5",""
"Rare Onion","Dragon Tail","Overjoyed Pan","","","Atk Up?+5",""
"Rare Onion","Helodus","Jumbo Pizza","","","","Def Up?+20"
"Rare Onion","GodBug","Otsu Cake Balls","Health?+10","Stamina?+25","",""
"Rare Onion","Spice Worm","Smaley Curry","Health?+10","Stamina?+25","",""
"Rare Onion","Honey-Dragonfly","An An Zosui","Health?+10","","",""
"Rare Onion","Lifejam","Guts’n’Chaofan","","Stamina?+25","",""
"Rare Onion","Royale Cheese","Peppered Pasta","","","","Def Up?+10"
"Rare Onion","Monster Egg","Overjoyed Pan","","","Atk Up?+3","Def Up?+10"
"Rare Onion","Pig Cracker","Dokkan Soup","","Stamina?+25","Atk Up?+3",""
"Fatty Tomato","Matsutake","Dozuki Risotto","","Stamina?+25","",""
"Fatty Tomato","Warwheat","Otsu Cake Balls","","Stamina?+50","",""
"Fatty Tomato","Mixed Beans","Guts’n’Chaofan","Health?-10","Stamina?+50","",""
"Fatty Tomato","Bread","Run Run Salad","","Stamina?+25","",""
"Fatty Tomato","Azuki","Peppered Pasta","Health?+50","Stamina?+50","",""
"Fatty Tomato","White Liver","Fried Seafood","","Stamina?+25","",""
"Fatty Tomato","Popo Meat","Coro Croquettes","","Stamina?+25","Atk Up?+3",""
"Fatty Tomato","Pickled Kezhu","Shaky Tongue","","Stamina?+50","Atk Up?-3",""
"Fatty Tomato","Snake Meat","Overjoyed Pan","","Stamina?+50","Atk Up?+5",""
"Fatty Tomato","Scale Fish","Jumbo Pizza","","Stamina?+50","","Def Up?+10"
"Fatty Tomato","Snake Salmon","Gingi Ramen","","Stamina?+25","","Def Up?-10"
"Fatty Tomato","Helodus","Gingi Ramen","","Stamina?+25","","Def Up?+10"
"Fatty Tomato","Sword Fish","Overjoyed Pan","","Stamina?+50","","Def Up?-10"
"Fatty Tomato","RiceBug","Smaley Curry","Health?-10","Stamina?+50","",""
"Fatty Tomato","GodBug","Guts’n’Chaofan","Health?+10","Stamina?+50","",""
"Fatty Tomato","Spice Worm","An An Zosui","","Stamina?+50","",""
"Fatty Tomato","Honey-Dragonfly","Surprise Stew","Health?+10","Stamina?+50","",""
"Fatty Tomato","Hercules Beetle","Dozuki Risotto","Health?-10","Stamina?+25","",""
"Fatty Tomato","Red Oil","Otsu Cake Balls","Health?+10","Stamina?+50","",""
"Fatty Tomato","Powerlad","Guts’n’Chaofan","Health?-10","Stamina?+50","",""
"Fatty Tomato","Lifejam","Run Run Salad","","Stamina?+50","",""
"Fatty Tomato","Dry Margarine","Doku Doku Doria","","Stamina?-50","","Def Up?+10"
"Fatty Tomato","Buffalo Butter","Peppered Pasta","","Stamina?+50","","Def Up?+10"
"Fatty Tomato","Royale Cheese","Fried Seafood","","Stamina?+25","","Def Up?+10"
"Fatty Tomato","Sake","Coro Croquettes","","Stamina?+25","",""
"Fatty Tomato","Blessed Wine","Shaky Tongue","","Stamina?+50","Atk Up?-3",""
"Fatty Tomato","Gold Sake","Overjoyed Pan","","Stamina?+50","",""
"Fatty Tomato","Pig Cracker","Jumbo Pizza","","Stamina?+50","Atk Up?-3",""
"Matsutake","Bread","Doku Doku Doria","Health?-10","Stamina?+25","",""
"Matsutake","Silver Grass","Peppered Pasta","Health?+50","Stamina?-25","",""
"Matsutake","Azuki","Fried Seafood","Health?+50","Stamina?-25","",""
"Matsutake","Popo Meat","Shaky Tongue","","Stamina?-25","Atk Up?+3",""
"Matsutake","Snake Meat","Dokkan Soup","","Stamina?+25","Atk Up?-5",""
"Matsutake","Dragon Tail","Jumbo Pizza","","Stamina?-25","Atk Up?+5",""
"Matsutake","Helodus","Smaley Curry","","Stamina?-25","","Def Up?+20"
"Matsutake","Sword Fish","Dokkan Soup","","Stamina?+25","","Def Up?+10"
"Matsutake","Honey-Dragonfly","Dozuki Risotto","Health?+10","","",""
"Matsutake","Red Oil","Guts’n’Chaofan","Health?+10","Stamina?-25","",""
"Matsutake","Royale Cheese","Coro Croquettes","","Stamina?-25","","Def Up?+10"
"Matsutake","Sake","Shaky Tongue","","Stamina?-25","Atk Up?+3",""
"Matsutake","Gold Sake","Dokkan Soup","","Stamina?+25","",""
"Matsutake","Monster Egg","Jumbo Pizza","","Stamina?-25","Atk Up?+3","Def Up?+10"
"Warwheat","Mixed Beans","Doku Doku Doria","Health?+10","","",""
"Warwheat","Bread","Peppered Pasta","Health?+10","","",""
"Warwheat","Silver Grass","Fried Seafood","Health?+30","","",""
"Warwheat","Azuki","Coro Croquettes","Health?+50","","",""
"Warwheat","Popo Meat","Overjoyed Pan","","","Atk Up?+3",""
"Warwheat","Pickled Kezhu","Dokkan Soup","","","Atk Up?+3",""
"Warwheat","Snake Meat","Jumbo Pizza","","","Atk Up?+5",""
"Warwheat","Dragon Tail","Gingi Ramen","","","Atk Up?+5",""
"Warwheat","Scale Fish","Smaley Curry","","","","Def Up?+10"
"Warwheat","Helodus","An An Zosui","","","","Def Up?+10"
"Warwheat","Spice Worm","Dozuki Risotto","","Stamina?+25","",""
"Warwheat","Honey-Dragonfly","Otsu Cake Balls","Health?+30","Stamina?+25","",""
"Warwheat","Powerlad","Doku Doku Doria","Health?+10","Stamina?+25","",""
"Warwheat","Lifejam","Peppered Pasta","","Stamina?+25","",""
"Warwheat","Royale Cheese","Shaky Tongue","","","","Def Up?+10"
"Warwheat","Sake","Overjoyed Pan","","","Atk Up?+3",""
"Warwheat","Blessed Wine","Dokkan Soup","","","Atk Up?+3",""
"Mixed Beans","Silver Grass","Coro Croquettes","Health?+20","","",""
"Mixed Beans","Azuki","Shaky Tongue","Health?+50","","",""
"Mixed Beans","Popo Meat","Dokkan Soup","Health?+10","","Atk Up?-3",""
"Mixed Beans","Snake Meat","Gingi Ramen","","","Atk Up?+3",""
"Mixed Beans","Dragon Tail","Smaley Curry","Health?-10","","Atk Up?+5",""
"Mixed Beans","Helodus","Surprise Stew","","","","Def Up?+10"
"Mixed Beans","GodBug","Peppered Pasta","","Stamina?+25","",""
"Mixed Beans","Spice Worm","Otsu Cake Balls","","Stamina?+25","",""
"Mixed Beans","Honey-Dragonfly","Guts’n’Chaofan","Health?+10","Stamina?+25","",""
"Mixed Beans","Lifejam","Fried Seafood","","Stamina?+25","",""
"Mixed Beans","Buffalo Butter","Shaky Tongue","Health?-10","","","Def Up?+10"
"Mixed Beans","Royale Cheese","Overjoyed Pan","Health?-10","","","Def Up?+10"
"Mixed Beans","Sake","Dokkan Soup","Health?+10","","Atk Up?-3",""
"Mixed Beans","Monster Egg","Smaley Curry","Health?-10","","Atk Up?+3","Def Up?+10"
"Bread","Silver Grass","Shaky Tongue","Health?+50","","",""
"Bread","Azuki","Overjoyed Pan","Health?+50","","",""
"Bread","Popo Meat","Jumbo Pizza","Health?+10","","Atk Up?+3",""
"Bread","Snake Meat","Smaley Curry","Health?+10","","Atk Up?+5",""
"Bread","Dragon Tail","An An Zosui","","","Atk Up?+5",""
"Bread","Helodus","Dozuki Risotto","","","","Def Up?+10"
"Bread","Sword Fish","Smaley Curry","Health?+10","","","Def Up?-10"
"Bread","GodBug","Fried Seafood","Health?+10","","",""
"Bread","Spice Worm","Guts’n’Chaofan","Health?+30","Stamina?+25","",""
"Bread","Honey-Dragonfly","Run Run Salad","Health?+20","","",""
"Bread","Hercules Beetle","Doku Doku Doria","Health?+10","Stamina?+25","",""
"Bread","Red Oil","Peppered Pasta","Health?+20","Stamina?+25","",""
"Bread","Lifejam","Coro Croquettes","","Stamina?+25","",""
"Bread","Dry Margarine","Shaky Tongue","Health?+10","","","Def Up?-10"
"Bread","Buffalo Butter","Overjoyed Pan","Health?+10","","","Def Up?+10"
"Bread","Sake","Jumbo Pizza","Health?+10","","Atk Up?+3",""
"Bread","Gold Sake","Smaley Curry","Health?+10","","",""
"Silver Grass","White Liver","Jumbo Pizza","Health?+50","","",""
"Silver Grass","Popo Meat","Gingi Ramen","Health?+30","","Atk Up?+3",""
"Silver Grass","Pickled Kezhu","Smaley Curry","Health?+50","","Atk Up?-3",""
"Silver Grass","Snake Meat","An An Zosui","Health?+30","","Atk Up?+3",""
"Silver Grass","Dragon Tail","Surprise Stew","Health?+30","","Atk Up?+5",""
"Silver Grass","Scale Fish","Dozuki Risotto","Health?+30","","",""
"Silver Grass","Sushi Fish","Surprise Stew","Health?+30","","",""
"Silver Grass","Snake Salmon","Otsu Cake Balls","Health?+50","","","Def Up?-20"
"Silver Grass","Helodus","Otsu Cake Balls","Health?+50","","","Def Up?+20"
"Silver Grass","Sword Fish","An An Zosui","Health?+30","","","Def Up?-10"
"Silver Grass","RiceBug","Guts’n’Chaofan","Health?+50","Stamina?-25","",""
"Silver Grass","GodBug","Coro Croquettes","Health?+40","","",""
"Silver Grass","Spice Worm","Run Run Salad","Health?+40","Stamina?+25","",""
"Silver Grass","Hercules Beetle","Peppered Pasta","Health?+20","Stamina?-25","",""
"Silver Grass","Red Oil","Fried Seafood","Health?+40","","",""
"Silver Grass","Powerlad","Coro Croquettes","Health?+20","","",""
"Silver Grass","Lifejam","Shaky Tongue","Health?+50","Stamina?+25","",""
"Silver Grass","Dry Margarine","Overjoyed Pan","Health?+50","","","Def Up?-10"
"Silver Grass","Royale Cheese","Jumbo Pizza","Health?+50","","","Def Up?+10"
"Silver Grass","Sake","Gingi Ramen","Health?+30","","",""
"Silver Grass","Blessed Wine","Smaley Curry","Health?+50","","Atk Up?-3",""
"Silver Grass","Gold Sake","An An Zosui","Health?+30","","",""
"Silver Grass","Monster Egg","Surprise Stew","Health?+30","","",""
"Silver Grass","Pig Cracker","Dozuki Risotto","Health?+30","","",""
"Azuki","White Liver","Gingi Ramen","Health?+50","","",""
"Azuki","Popo Meat","Smaley Curry","Health?+50","","Atk Up?+3",""
"Azuki","Pickled Kezhu","An An Zosui","Health?+50","","Atk Up?-3",""
"Azuki","Snake Meat","Surprise Stew","Health?+50","","Atk Up?+3",""
"Azuki","Dragon Tail","Dozuki Risotto","Health?+50","","Atk Up?+5",""
"Azuki","Scale Fish","Otsu Cake Balls","Health?+50","","","Def Up?+10"
"Azuki","Sushi Fish","Dozuki Risotto","Health?+50","","",""
"Azuki","Snake Salmon","Guts’n’Chaofan","Health?+50","","","Def Up?-20"
"Azuki","Helodus","Guts’n’Chaofan","Health?+50","","","Def Up?+20"
"Azuki","Sword Fish","Surprise Stew","Health?+50","","","Def Up?-10"
"Azuki","RiceBug","Run Run Salad","Health?+40","","",""
"Azuki","GodBug","Shaky Tongue","Health?+50","Stamina?+25","",""
"Azuki","Honey-Dragonfly","Peppered Pasta","Health?+50","Stamina?+25","",""
"Azuki","Hercules Beetle","Fried Seafood","Health?+30","Stamina?-25","",""
"Azuki","Red Oil","Coro Croquettes","Health?+50","","",""
"Azuki","Powerlad","Shaky Tongue","Health?+50","Stamina?-25","",""
"Azuki","Lifejam","Overjoyed Pan","Health?+50","Stamina?+25","",""
"Azuki","Dry Margarine","Dokkan Soup","Health?-50","","","Def Up?+10"
"Azuki","Buffalo Butter","Jumbo Pizza","Health?+50","","","Def Up?+10"
"Azuki","Royale Cheese","Gingi Ramen","Health?+50","","","Def Up?+10"
"Azuki","Sake","Smaley Curry","Health?+50","","Atk Up?+3",""
"Azuki","Blessed Wine","An An Zosui","Health?+50","","",""
"Azuki","Gold Sake","Surprise Stew","Health?+50","","",""
"Azuki","Monster Egg","Dozuki Risotto","Health?+50","","",""
"Azuki","Pig Cracker","Otsu Cake Balls","Health?+50","Stamina?-25","Atk Up?-3",""
"White Liver","Popo Meat","An An Zosui","","","Atk Up?+3",""
"White Liver","Snake Meat","Dozuki Risotto","","","Atk Up?+3",""
"White Liver","Dragon Tail","Otsu Cake Balls","","","Atk Up?+5",""
"White Liver","Scale Fish","Guts’n’Chaofan","","","","Def Up?+10"
"White Liver","Helodus","Run Run Salad","","","","Def Up?+10"
"White Liver","RiceBug","Doku Doku Doria","Health?+10","Stamina?+25","",""
"White Liver","GodBug","Overjoyed Pan","Health?+10","Stamina?+25","",""
"White Liver","Spice Worm","Peppered Pasta","Health?+10","Stamina?+25","",""
"White Liver","Honey-Dragonfly","Fried Seafood","Health?+10","","",""
"White Liver","Red Oil","Shaky Tongue","Health?+10","Stamina?+25","",""
"White Liver","Royale Cheese","Smaley Curry","","","","Def Up?+10"
"White Liver","Monster Egg","Otsu Cake Balls","","","Atk Up?+3","Def Up?+10"
"Popo Meat","Snake Meat","Otsu Cake Balls","","","Atk Up?+5",""
"Popo Meat","Dragon Tail","Guts’n’Chaofan","","","Atk Up?+5",""
"Popo Meat","Scale Fish","Run Run Salad","","","Atk Up?+3",""
"Popo Meat","Sushi Fish","Guts’n’Chaofan","","","Atk Up?+3",""
"Popo Meat","Snake Salmon","Doku Doku Doria","","","Atk Up?-3","Def Up?+20"
"Popo Meat","Sword Fish","Otsu Cake Balls","","","Atk Up?+3","Def Up?-10"
"Popo Meat","RiceBug","Peppered Pasta","Health?-10","Stamina?-25","Atk Up?+3",""
"Popo Meat","Spice Worm","Fried Seafood","","Stamina?+25","Atk Up?+3",""
"Popo Meat","Honey-Dragonfly","Coro Croquettes","Health?+10","","Atk Up?+3",""
"Popo Meat","Hercules Beetle","Shaky Tongue","Health?-20","Stamina?-25","Atk Up?+3",""
"Popo Meat","Red Oil","Overjoyed Pan","Health?+10","Stamina?+25","Atk Up?+3",""
"Popo Meat","Powerlad","Dokkan Soup","Health?+10","Stamina?+25","Atk Up?-3",""
"Popo Meat","Lifejam","Jumbo Pizza","","Stamina?+25","Atk Up?+3",""
"Popo Meat","Dry Margarine","Gingi Ramen","","","Atk Up?+3",""
"Popo Meat","Buffalo Butter","Smaley Curry","","","Atk Up?+3","Def Up?+10"
"Popo Meat","Royale Cheese","An An Zosui","","","Atk Up?+3","Def Up?+10"
"Popo Meat","Sake","Surprise Stew","","","Atk Up?+3",""
"Popo Meat","Gold Sake","Otsu Cake Balls","","","Atk Up?+3",""
"Popo Meat","Monster Egg","Guts’n’Chaofan","","","Atk Up?+5","Def Up?+10"
"Pickled Kezhu","Snake Meat","Guts’n’Chaofan","","","Atk Up?+3",""
"Pickled Kezhu","Dragon Tail","Run Run Salad","","","Atk Up?+3",""
"Pickled Kezhu","Scale Fish","Doku Doku Doria","","","Atk Up?+3","Def Up?-10"
"Pickled Kezhu","Helodus","Peppered Pasta","","","Atk Up?-3","Def Up?+20"
"Pickled Kezhu","GodBug","Jumbo Pizza","Health?+10","Stamina?+25","Atk Up?-3",""
"Pickled Kezhu","Spice Worm","Coro Croquettes","","Stamina?+25","Atk Up?-3",""
"Pickled Kezhu","Honey-Dragonfly","Shaky Tongue","Health?+20","Stamina?+25","Atk Up?-3",""
"Pickled Kezhu","Red Oil","Dokkan Soup","Health?-10","Stamina?-25","Atk Up?+3",""
"Pickled Kezhu","Lifejam","Gingi Ramen","","Stamina?+25","Atk Up?-3",""
"Pickled Kezhu","Royale Cheese","Surprise Stew","","","Atk Up?-3","Def Up?+10"
"Pickled Kezhu","Pig Cracker","Doku Doku Doria","","Stamina?+25","Atk Up?+5",""
"Snake Meat","Scale Fish","Peppered Pasta","","","Atk Up?+5","Def Up?+10"
"Snake Meat","Snake Salmon","Fried Seafood","","","Atk Up?+3","Def Up?-10"
"Snake Meat","Helodus","Fried Seafood","","","Atk Up?+3","Def Up?+10"
"Snake Meat","Sword Fish","Run Run Salad","","","Atk Up?+3","Def Up?-10"
"Snake Meat","RiceBug","Coro Croquettes","","","Atk Up?+3",""
"Snake Meat","GodBug","Gingi Ramen","","","Atk Up?+3",""
"Snake Meat","Spice Worm","Shaky Tongue","Health?+10","Stamina?+25","Atk Up?+5",""
"Snake Meat","Honey-Dragonfly","Overjoyed Pan","Health?+30","Stamina?+25","Atk Up?+5",""
"Snake Meat","Hercules Beetle","Dokkan Soup","Health?+20","Stamina?+25","Atk Up?-5",""
"Snake Meat","Red Oil","Jumbo Pizza","Health?+10","Stamina?+25","Atk Up?+5",""
"Snake Meat","Powerlad","Gingi Ramen","","","Atk Up?+3",""
"Snake Meat","Lifejam","Smaley Curry","","Stamina?+25","Atk Up?+5",""
"Snake Meat","Dry Margarine","An An Zosui","","","Atk Up?+3",""
"Snake Meat","Buffalo Butter","Surprise Stew","","","Atk Up?+3",""
"Snake Meat","Royale Cheese","Dozuki Risotto","","","Atk Up?+3","Def Up?+10"
"Snake Meat","Sake","Otsu Cake Balls","","","Atk Up?+5",""
"Snake Meat","Blessed Wine","Guts’n’Chaofan","","","Atk Up?+5",""
"Snake Meat","Gold Sake","Run Run Salad","","","Atk Up?+3",""
"Snake Meat","Pig Cracker","Peppered Pasta","","Stamina?-25","Atk Up?+5",""
"Dragon Tail","Scale Fish","Fried Seafood","","","Atk Up?+5",""
"Dragon Tail","Sushi Fish","Peppered Pasta","","","Atk Up?+5",""
"Dragon Tail","Snake Salmon","Coro Croquettes","","","Atk Up?+5","Def Up?-10"
"Dragon Tail","Helodus","Coro Croquettes","","","Atk Up?+5","Def Up?+10"
"Dragon Tail","Sword Fish","Doku Doku Doria","","","Atk Up?-5","Def Up?+10"
"Dragon Tail","RiceBug","Shaky Tongue","Health?-10","Stamina?-25","Atk Up?+5",""
"Dragon Tail","GodBug","Smaley Curry","Health?+10","Stamina?+25","Atk Up?+5",""
"Dragon Tail","Spice Worm","Overjoyed Pan","Health?+10","Stamina?+25","Atk Up?+5",""
"Dragon Tail","Hercules Beetle","Jumbo Pizza","Health?-20","Stamina?-25","Atk Up?+5",""
"Dragon Tail","Red Oil","Gingi Ramen","","","Atk Up?+5",""
"Dragon Tail","Powerlad","Smaley Curry","Health?-10","Stamina?-25","Atk Up?+5",""
"Dragon Tail","Lifejam","An An Zosui","","Stamina?+25","Atk Up?+5",""
"Dragon Tail","Dry Margarine","Surprise Stew","","","Atk Up?+5",""
"Dragon Tail","Buffalo Butter","Dozuki Risotto","","","Atk Up?+5",""
"Dragon Tail","Royale Cheese","Otsu Cake Balls","","","Atk Up?+5","Def Up?+10"
"Dragon Tail","Sake","Guts’n’Chaofan","","","Atk Up?+5",""
"Dragon Tail","Blessed Wine","Run Run Salad","","","Atk Up?+5",""
"Dragon Tail","Monster Egg","Peppered Pasta","","","Atk Up?+5","Def Up?+10"
"Dragon Tail","Pig Cracker","Fried Seafood","","","Atk Up?+5",""
"Scale Fish","Helodus","Shaky Tongue","","","","Def Up?+20"
"Scale Fish","RiceBug","Overjoyed Pan","Health?-10","Stamina?-25","","Def Up?+10"
"Scale Fish","Honey-Dragonfly","Jumbo Pizza","Health?+20","Stamina?+25","","Def Up?+10"
"Scale Fish","Red Oil","Smaley Curry","Health?+10","Stamina?+25","","Def Up?+10"
"Scale Fish","Lifejam","Surprise Stew","","Stamina?+25","",""
"Scale Fish","Buffalo Butter","Otsu Cake Balls","","","","Def Up?+10"
"Scale Fish","Royale Cheese","Guts’n’Chaofan","","","","Def Up?+20"
"Scale Fish","Blessed Wine","Doku Doku Doria","","","Atk Up?+3","Def Up?-10"
"Scale Fish","Gold Sake","Peppered Pasta","","","","Def Up?+10"
"Scale Fish","Monster Egg","Fried Seafood","","","","Def Up?+10"
"Sushi Fish","Helodus","Coro Croquettes","","","","Def Up?+10"
"Sushi Fish","Sword Fish","Doku Doku Doria","","","","Def Up?+10"
"Sushi Fish","GodBug","Smaley Curry","Health?+10","Stamina?+25","",""
"Sushi Fish","Spice Worm","Overjoyed Pan","Health?+10","Stamina?+25","",""
"Sushi Fish","Lifejam","An An Zosui","","Stamina?+25","",""
"Sushi Fish","Royale Cheese","Otsu Cake Balls","","","","Def Up?+10"
"Sushi Fish","Sake","Guts’n’Chaofan","","","Atk Up?+3",""
"Sushi Fish","Monster Egg","Peppered Pasta","","","Atk Up?+3","Def Up?+10"
"Snake Salmon","Helodus","Overjoyed Pan","","","","Def Up?+10"
"Snake Salmon","RiceBug","Dokkan Soup","Health?+10","Stamina?+25","","Def Up?+20"
"Snake Salmon","Spice Worm","Jumbo Pizza","Health?+10","Stamina?+25","","Def Up?-20"
"Snake Salmon","Honey-Dragonfly","Gingi Ramen","Health?+10","","","Def Up?-10"
"Snake Salmon","Lifejam","Dozuki Risotto","","Stamina?+25","","Def Up?-10"
"Snake Salmon","Sake","Doku Doku Doria","","","Atk Up?-3","Def Up?+20"
"Helodus","Sword Fish","Fried Seafood","","","","Def Up?+10"
"Helodus","RiceBug","Dokkan Soup","Health?+10","Stamina?+25","","Def Up?-20"
"Helodus","GodBug","Surprise Stew","","","","Def Up?+10"
"Helodus","Spice Worm","Jumbo Pizza","Health?+10","Stamina?+25","","Def Up?+20"
"Helodus","Honey-Dragonfly","Gingi Ramen","Health?+10","","","Def Up?+10"
"Helodus","Hercules Beetle","Smaley Curry","Health?-20","Stamina?-25","","Def Up?+20"
"Helodus","Red Oil","An An Zosui","","","","Def Up?+10"
"Helodus","Powerlad","Surprise Stew","","","","Def Up?+10"
"Helodus","Lifejam","Dozuki Risotto","","Stamina?+25","","Def Up?+10"
"Helodus","Dry Margarine","Otsu Cake Balls","","","","Def Up?+20"
"Helodus","Buffalo Butter","Guts’n’Chaofan","","","","Def Up?+20"
"Helodus","Royale Cheese","Run Run Salad","","","","Def Up?+20"
"Helodus","Blessed Wine","Peppered Pasta","","","Atk Up?-3","Def Up?+20"
"Helodus","Gold Sake","Fried Seafood","","","","Def Up?+10"
"Helodus","Monster Egg","Coro Croquettes","","","","Def Up?+20"
"Helodus","Pig Cracker","Shaky Tongue","","Stamina?-25","Atk Up?-3","Def Up?+20"
"Sword Fish","Spice Worm","Shaky Tongue","Health?+10","Stamina?+25","","Def Up?-10"
"Sword Fish","Honey-Dragonfly","Overjoyed Pan","Health?+30","Stamina?+25","","Def Up?-10"
"Sword Fish","Hercules Beetle","Dokkan Soup","Health?+20","Stamina?+25","","Def Up?+10"
"Sword Fish","Red Oil","Jumbo Pizza","Health?+10","Stamina?+25","","Def Up?-10"
"Sword Fish","Lifejam","Smaley Curry","","Stamina?+25","","Def Up?-10"
"Sword Fish","Sake","Otsu Cake Balls","","","Atk Up?+3","Def Up?-10"
"Sword Fish","Monster Egg","Doku Doku Doria","","","Atk Up?-3","Def Up?+10"
"RiceBug","Honey-Dragonfly","Smaley Curry","Health?+10","","",""
"RiceBug","Lifejam","Otsu Cake Balls","Health?-10","Stamina?+25","",""
"RiceBug","Royale Cheese","Doku Doku Doria","Health?+10","Stamina?+25","","Def Up?-10"
"RiceBug","Sake","Peppered Pasta","Health?-10","Stamina?-25","Atk Up?+3",""
"RiceBug","Monster Egg","Shaky Tongue","Health?-10","Stamina?-25","Atk Up?+3","Def Up?+10"
"GodBug","Spice Worm","Otsu Cake Balls","Health?+30","Stamina?+50","",""
"GodBug","Honey-Dragonfly","Guts’n’Chaofan","Health?+50","Stamina?+25","",""
"GodBug","Lifejam","Fried Seafood","","Stamina?+25","",""
"GodBug","Buffalo Butter","Shaky Tongue","Health?+10","Stamina?+25","","Def Up?+10"
"GodBug","Royale Cheese","Overjoyed Pan","Health?+10","Stamina?+25","","Def Up?+10"
"GodBug","Blessed Wine","Jumbo Pizza","Health?+10","Stamina?+25","Atk Up?-3",""
"GodBug","Monster Egg","Smaley Curry","Health?+10","Stamina?+25","Atk Up?+3","Def Up?+10"
"Spice Worm","Honey-Dragonfly","An An Zosui","Health?+20","Stamina?+25","",""
"Spice Worm","Red Oil","Dozuki Risotto","Health?+10","Stamina?+25","",""
"Spice Worm","Powerlad","Otsu Cake Balls","","Stamina?+25","",""
"Spice Worm","Lifejam","Guts’n’Chaofan","Health?+10","Stamina?+50","",""
"Spice Worm","Dry Margarine","Run Run Salad","","Stamina?+25","",""
"Spice Worm","Royale Cheese","Peppered Pasta","Health?+10","Stamina?+25","","Def Up?+10"
"Spice Worm","Sake","Fried Seafood","","Stamina?+25","",""
"Spice Worm","Blessed Wine","Coro Croquettes","","Stamina?+25","",""
"Spice Worm","Gold Sake","Shaky Tongue","Health?+10","Stamina?+25","",""
"Spice Worm","Monster Egg","Overjoyed Pan","Health?+10","Stamina?+25","Atk Up?+3","Def Up?+10"
"Spice Worm","Pig Cracker","Dokkan Soup","Health?-10","Stamina?-25","Atk Up?+3",""
"Honey-Dragonfly","Red Oil","Otsu Cake Balls","Health?+50","Stamina?+25","",""
"Honey-Dragonfly","Powerlad","Guts’n’Chaofan","Health?+10","","",""
"Honey-Dragonfly","Lifejam","Run Run Salad","Health?+10","Stamina?+25","",""
"Honey-Dragonfly","Dry Margarine","Doku Doku Doria","Health?-20","Stamina?-25","","Def Up?+10"
"Honey-Dragonfly","Buffalo Butter","Peppered Pasta","Health?+20","Stamina?+25","","Def Up?+10"
"Honey-Dragonfly","Royale Cheese","Fried Seafood","Health?+10","","","Def Up?+10"
"Honey-Dragonfly","Sake","Coro Croquettes","Health?+10","","",""
"Honey-Dragonfly","Blessed Wine","Shaky Tongue","Health?+20","Stamina?+25","Atk Up?-3",""
"Honey-Dragonfly","Gold Sake","Overjoyed Pan","Health?+30","Stamina?+25","",""
"Honey-Dragonfly","Pig Cracker","Jumbo Pizza","Health?+20","","Atk Up?-3",""
"Hercules Beetle","Lifejam","Doku Doku Doria","Health?+20","","",""
"Hercules Beetle","Royale Cheese","Coro Croquettes","Health?-10","Stamina?-25","","Def Up?+10"
"Hercules Beetle","Sake","Shaky Tongue","Health?-20","Stamina?-25","Atk Up?+3",""
"Hercules Beetle","Gold Sake","Dokkan Soup","Health?+20","Stamina?+25","",""
"Hercules Beetle","Monster Egg","Jumbo Pizza","Health?-20","Stamina?-25","Atk Up?+3","Def Up?+10"
"Red Oil","Lifejam","Peppered Pasta","Health?+10","Stamina?+50","",""
"Red Oil","Royale Cheese","Shaky Tongue","Health?+10","Stamina?+25","","Def Up?+10"
"Red Oil","Sake","Overjoyed Pan","Health?+10","Stamina?+25","Atk Up?+3",""
"Red Oil","Blessed Wine","Dokkan Soup","Health?-10","Stamina?-25","Atk Up?+3",""
"Red Oil","Gold Sake","Jumbo Pizza","Health?+10","Stamina?+25","",""
"Red Oil","Pig Cracker","Smaley Curry","Health?+10","","Atk Up?-3",""
"Powerlad","Buffalo Butter","Shaky Tongue","Health?-10","Stamina?-25","","Def Up?+10"
"Powerlad","Royale Cheese","Overjoyed Pan","Health?-10","Stamina?-25","","Def Up?+10"
"Powerlad","Sake","Dokkan Soup","Health?+10","Stamina?+25","Atk Up?-3",""
"Powerlad","Monster Egg","Smaley Curry","Health?-10","Stamina?-25","Atk Up?+3","Def Up?+10"
"Lifejam","Dry Margarine","Shaky Tongue","","Stamina?+25","","Def Up?-10"
"Lifejam","Buffalo Butter","Overjoyed Pan","","Stamina?+25","","Def Up?+10"
"Lifejam","Sake","Jumbo Pizza","","Stamina?+25","Atk Up?+3",""
"Lifejam","Blessed Wine","Gingi Ramen","","Stamina?+25","",""
"Lifejam","Gold Sake","Smaley Curry","","Stamina?+25","",""
"Lifejam","Monster Egg","An An Zosui","","Stamina?+25","",""
"Dry Margarine","Royale Cheese","Jumbo Pizza","","","","Def Up?+10"
"Buffalo Butter","Royale Cheese","Gingi Ramen","","","","Def Up?+10"
"Buffalo Butter","Sake","Smaley Curry","","","Atk Up?+3","Def Up?+10"
"Buffalo Butter","Monster Egg","Dozuki Risotto","","","","Def Up?+10"
"Buffalo Butter","Pig Cracker","Otsu Cake Balls","","Stamina?-25","Atk Up?-3","Def Up?+10"
"Royale Cheese","Sake","An An Zosui","","","","Def Up?+10"
"Royale Cheese","Blessed Wine","Surprise Stew","","","","Def Up?+10"
"Royale Cheese","Gold Sake","Dozuki Risotto","","","","Def Up?+10"
"Royale Cheese","Monster Egg","Otsu Cake Balls","","","Atk Up?+3","Def Up?+20"
"Royale Cheese","Pig Cracker","Guts’n’Chaofan","","Stamina?-25","Atk Up?-3","Def Up?+10"
"Sake","Gold Sake","Otsu Cake Balls","","","Atk Up?+3",""
"Sake","Monster Egg","Guts’n’Chaofan","","","Atk Up?+3","Def Up?+10"
"Blessed Wine","Pig Cracker","Doku Doku Doria","","Stamina?+25","Atk Up?+3",""
